resolution,fps,slots,complete,yield_pct,median_us,p95_us,median_bytes,geometry,verdict
qvga,10,151,151,100.0,28,166,2548,320x240,PASS
qvga,15,226,117,52.0,43,171,2548,320x240,PASS
qvga,30,447,262,59.0,32,303,2567,320x240,PASS
qvga,60,780,361,46.0,30,285,2581,320x240,LOW_YIELD
vga,10,151,48,32.0,107,1276,6626,640x480,LOW_YIELD
vga,15,226,0,0.0,,,8940,640x480,NO_FULL_SLOTS
vga,30,448,280,62.0,596,1520,8940,640x480,PASS
hd,5,0,0,0.0,,,,,NO_FULL_SLOTS
hd,10,44,0,0.0,,,24957,1280x720,NO_FULL_SLOTS
