run,method,build,duration,classification,node,n,mean_us,sd_us,rms_us,p95_abs_us,max_abs_us,trend_us_per_s
test-output/pipeline/20260908-175800-tracking,mcpwm:ftm-camera-load,unknown,60,provisional glitches,0,60,0.23016666658715046,0.9003055427953565,0.9292614082140084,1.7499999991343884,2.0630000037158425,0.005782672387787492
test-output/pipeline/20260908-175800-tracking,mcpwm:ftm-camera-load,unknown,60,provisional glitches,1,60,0.874899999662541,0.8812125863196426,1.2417671406901003,1.8759999989015341,2.750000000162345,-0.00761651844575598
test-output/pipeline/20260908-175800-tracking,mcpwm:ftm-camera-load,unknown,60,provisional glitches,3,60,0.3249999995717327,0.7231176940902112,0.7927951811331666,1.4999999997655777,1.562000001342767,-0.003574103823674877
test-output/timing-methods/20260908-170133/00-task-ftm,task:ftm,34e1a3df22c26af8,4.0,insufficient/full-fleet inconclusive,0,0,,,,,,
test-output/timing-methods/20260908-170133/00-task-ftm,task:ftm,34e1a3df22c26af8,4.0,insufficient/full-fleet inconclusive,1,0,,,,,,
test-output/timing-methods/20260908-170133/00-task-ftm,task:ftm,34e1a3df22c26af8,4.0,insufficient/full-fleet inconclusive,3,0,,,,,,
test-output/timing-methods/20260908-170156/00-esp-ftm,esp:ftm,34e1a3df22c26af8,25.0,insufficient/full-fleet inconclusive,0,25,6.9475999998791504,23.43387400336537,24.4420865836762,20.561999999557656,103.18800000064243,-0.09216462027401492
test-output/timing-methods/20260908-170156/00-esp-ftm,esp:ftm,34e1a3df22c26af8,25.0,insufficient/full-fleet inconclusive,1,25,6.957519999960526,28.740787559345257,29.570930896427083,92.6260000007062,102.06199999984733,-0.41779713491089554
test-output/timing-methods/20260908-170156/00-esp-ftm,esp:ftm,34e1a3df22c26af8,25.0,insufficient/full-fleet inconclusive,3,25,-6.339920000042465,22.13589493616232,23.025907804726288,14.874999999969774,110.0619999991892,-0.147373444011386
test-output/timing-methods/20260908-170156/00-gpt-frozen,gpt:frozen,34e1a3df22c26af8,25.0,insufficient/full-fleet inconclusive,0,25,-0.02503999985803418,1.13177324521314,1.1320502109770454,1.8130000007943181,4.50000000107309,0.012381924310347412
test-output/timing-methods/20260908-170156/00-gpt-frozen,gpt:frozen,34e1a3df22c26af8,25.0,insufficient/full-fleet inconclusive,1,25,2.452400000392818,13.674970049016542,13.893130374520574,1.8129999999061397,69.37500000070429,0.06258194050351483
test-output/timing-methods/20260908-170156/00-gpt-frozen,gpt:frozen,34e1a3df22c26af8,25.0,insufficient/full-fleet inconclusive,3,25,-8.75251999980453,41.39020744797163,42.30550648477222,1.250000000396767,211.50100000077998,0.3043703542862401
test-output/timing-methods/20260908-170156/00-gpt-ftm,gpt:ftm,34e1a3df22c26af8,25.0,insufficient/full-fleet inconclusive,0,25,-0.6051599997425328,0.45165984349801774,0.7551259759252333,1.1259999972423884,1.1879999988195777,-0.0031154830723150065
test-output/timing-methods/20260908-170156/00-gpt-ftm,gpt:ftm,34e1a3df22c26af8,25.0,insufficient/full-fleet inconclusive,1,25,-0.16487999983105794,0.580829015557627,0.6037779059040931,1.373999999998432,1.4999999997655777,-0.0015731267045253382
test-output/timing-methods/20260908-170156/00-gpt-ftm,gpt:ftm,34e1a3df22c26af8,25.0,insufficient/full-fleet inconclusive,3,25,-0.26251999970750006,0.3884645796905178,0.46885123431698084,0.749999998106432,1.3750000000811724,-0.007195611995624091
test-output/timing-methods/20260908-170156/00-gpt-tsf,gpt:tsf,34e1a3df22c26af8,25.0,insufficient/full-fleet inconclusive,0,25,-8.757600000275367,5.850947895578721,10.532290778439426,18.250000000108457,22.124999999983963,0.27379252474356003
test-output/timing-methods/20260908-170156/00-gpt-tsf,gpt:tsf,34e1a3df22c26af8,25.0,insufficient/full-fleet inconclusive,1,25,-13.940120000117684,4.957555053413213,14.795414753406002,18.750000000178346,32.18799999998856,0.1294673115772014
test-output/timing-methods/20260908-170156/00-gpt-tsf,gpt:tsf,34e1a3df22c26af8,25.0,insufficient/full-fleet inconclusive,3,25,-13.112400000203639,6.4777013822769645,14.62517175842025,21.312000001216802,35.124999999969205,0.12918334632324474
test-output/timing-methods/20260908-170156/00-task-ftm,task:ftm,34e1a3df22c26af8,25.0,insufficient/full-fleet inconclusive,0,25,0.06496000026223747,0.6868882573270189,0.6899530996291116,1.31300000028034,1.876000000677891,-0.0019816013365243474
test-output/timing-methods/20260908-170156/00-task-ftm,task:ftm,34e1a3df22c26af8,25.0,insufficient/full-fleet inconclusive,1,25,0.6348799999666978,1.5813214554801882,1.7040100234211344,5.000000001587068,5.374999998863927,0.016786683389085823
test-output/timing-methods/20260908-170156/00-task-ftm,task:ftm,34e1a3df22c26af8,25.0,insufficient/full-fleet inconclusive,3,25,0.00740000019927578,0.5299474695133661,0.5299991324960536,0.8760000014262914,1.5630000014255074,-0.008321801093310472
test-output/timing-methods/20260908-171055/00-gptpair-ftm,gptpair:ftm,8dc05893b49ecfab,25.0,insufficient/full-fleet inconclusive,0,25,0.27244000005071517,0.6734002128315982,0.7264237057456725,1.4370000016583617,1.8120000007115777,-0.004954008886127745
test-output/timing-methods/20260908-171055/00-gptpair-ftm,gptpair:ftm,8dc05893b49ecfab,25.0,insufficient/full-fleet inconclusive,1,25,-0.26267999967098665,0.9768524851528679,1.0115540321586798,1.874000002288767,1.9369999995078047,-0.01912215133881334
test-output/timing-methods/20260908-171055/00-gptpair-ftm,gptpair:ftm,8dc05893b49ecfab,25.0,insufficient/full-fleet inconclusive,3,25,-0.1875600000561181,0.7621402014021533,0.7848798890367658,1.5000000000006328,1.5629999996491506,0.01657821165333666
test-output/timing-methods/20260908-171055/00-high-ftm,high:ftm,8dc05893b49ecfab,25.0,insufficient/full-fleet inconclusive,0,25,0.9924800000460365,4.136545642335477,4.253942453961502,8.874999998909061,19.12500000145201,0.14616385000219512
test-output/timing-methods/20260908-171055/00-high-ftm,high:ftm,8dc05893b49ecfab,25.0,insufficient/full-fleet inconclusive,1,25,0.07012000020178988,1.2278409122895482,1.2298415021133124,2.563000000677107,4.50000000107309,-0.0003407787056009284
test-output/timing-methods/20260908-171055/00-high-ftm,high:ftm,8dc05893b49ecfab,25.0,insufficient/full-fleet inconclusive,3,25,-0.2974400000121946,0.4756583715468339,0.5610003921833212,1.061999999052432,1.0619999999406105,0.0019969844782783274
test-output/timing-methods/20260908-171055/00-mcpwm-ftm,mcpwm:ftm,8dc05893b49ecfab,25.0,insufficient/full-fleet inconclusive,0,25,-0.9700399999944264,0.5381799313985332,1.1093309876449484,1.874000002288767,2.311999999449199,-0.026926238884729378
test-output/timing-methods/20260908-171055/00-mcpwm-ftm,mcpwm:ftm,8dc05893b49ecfab,25.0,insufficient/full-fleet inconclusive,1,25,-0.9000000001818664,0.5496751038915304,1.0545817750015996,1.6870000010271724,1.8749999988187938,-0.01286656256201492
test-output/timing-methods/20260908-171055/00-mcpwm-ftm,mcpwm:ftm,8dc05893b49ecfab,25.0,insufficient/full-fleet inconclusive,3,25,-1.0074400003468043,0.5067481491762004,1.1277096439209313,1.9380000004787235,2.375000001109129,-0.010700340249613277
test-output/timing-methods/20260908-171055/01-gptpair-ftm,gptpair:ftm,8dc05893b49ecfab,25.0,insufficient/full-fleet inconclusive,0,25,-0.5349600000004173,0.5750418054565002,0.7854013493896722,1.4379999981883884,1.4999999997655777,-0.02795935121267487
test-output/timing-methods/20260908-171055/01-gptpair-ftm,gptpair:ftm,8dc05893b49ecfab,25.0,insufficient/full-fleet inconclusive,1,25,-0.5199999998239946,0.7528032416322632,0.9149386429859644,1.8130000007943181,2.1240000016575777,-0.02726317554947511
test-output/timing-methods/20260908-171055/01-gptpair-ftm,gptpair:ftm,8dc05893b49ecfab,25.0,insufficient/full-fleet inconclusive,3,25,-0.34747999995587975,0.5728976255340057,0.6700403269295363,1.4369999998820049,1.999999998503199,-0.016748227167432975
test-output/timing-methods/20260908-171055/01-high-ftm,high:ftm,8dc05893b49ecfab,25.0,insufficient/full-fleet inconclusive,0,25,-0.18252000008267544,0.6036311538405703,0.6306220106506576,1.1250000007123617,1.4989999996828374,0.003155489691517404
test-output/timing-methods/20260908-171055/01-high-ftm,high:ftm,8dc05893b49ecfab,25.0,insufficient/full-fleet inconclusive,1,25,-0.41512000009902295,0.9046522566054915,0.9953493456388169,1.8119999998233993,2.561999999706188,-0.010949570774182354
test-output/timing-methods/20260908-171055/01-high-ftm,high:ftm,8dc05893b49ecfab,25.0,insufficient/full-fleet inconclusive,3,25,-0.3051599999803756,0.8837534807335428,0.9349560632974552,0.9380000001169009,3.874999999986528,0.004991645268412524
test-output/timing-methods/20260908-171055/01-mcpwm-ftm,mcpwm:ftm,8dc05893b49ecfab,25.0,insufficient/full-fleet inconclusive,0,25,-1.002280000164113,0.5830362953724877,1.159524264709734,2.311999999449199,2.3129999995319395,-0.00034924267569829147
test-output/timing-methods/20260908-171055/01-mcpwm-ftm,mcpwm:ftm,8dc05893b49ecfab,25.0,insufficient/full-fleet inconclusive,1,25,-0.8298800003814222,0.7136486150204299,1.0945296527521067,1.8119999998233993,1.8120000002674885,0.03727733709423857
test-output/timing-methods/20260908-171055/01-mcpwm-ftm,mcpwm:ftm,8dc05893b49ecfab,25.0,insufficient/full-fleet inconclusive,3,25,-1.1099600001385213,0.5031018568335427,1.2186560959749329,2.000000000279556,2.250999999731107,0.007398695366995646
test-output/timing-methods/20260908-171431/00-gptpair-ftm,gptpair:ftm,8dc05893b49ecfab,60.0,known pre-repair epoch failure,0,59,474961.1419661018,3.571907888749873,474961.14197953284,474962.6880000001,474975.24999999994,0.028512106905030442
test-output/timing-methods/20260908-171431/00-gptpair-ftm,gptpair:ftm,8dc05893b49ecfab,60.0,known pre-repair epoch failure,1,59,474960.67996610195,2.879992184284276,474960.67997483356,474962.12500000466,474962.9370000008,0.027345032110517403
test-output/timing-methods/20260908-171431/00-gptpair-ftm,gptpair:ftm,8dc05893b49ecfab,60.0,known pre-repair epoch failure,3,59,474960.55925423786,3.287919400755356,474960.55926561815,474961.8749999982,474974.43800000026,0.02049963616775775
test-output/timing-methods/20260908-171431/00-high-ftm,high:ftm,8dc05893b49ecfab,60.0,known pre-repair epoch failure,0,59,474960.75423728826,1.891906341086158,474960.75424105616,474961.9989999996,474970.12499999866,0.01428869658333287
test-output/timing-methods/20260908-171431/00-high-ftm,high:ftm,8dc05893b49ecfab,60.0,known pre-repair epoch failure,1,59,474962.0455254241,5.45120304314463,474962.04555670626,474975.50000000023,474984.12399999524,-0.005239409496025803
test-output/timing-methods/20260908-171431/00-high-ftm,high:ftm,8dc05893b49ecfab,60.0,known pre-repair epoch failure,3,59,474961.24471186457,3.6968381955977234,474961.24472625164,474961.9369999998,474979.9370000005,0.021153952483360536
test-output/timing-methods/20260908-171431/00-mcpwm-ftm,mcpwm:ftm,8dc05893b49ecfab,60.0,known pre-repair epoch failure,0,60,474798.3530500001,1245.9784062928813,474799.98791194323,474961.75000000565,474963.12500000035,15.956189616728238
test-output/timing-methods/20260908-171431/00-mcpwm-ftm,mcpwm:ftm,8dc05893b49ecfab,60.0,known pre-repair epoch failure,1,60,474798.9468000001,1246.0149786334403,474800.5817558739,474961.93799999985,474962.4380000004,15.954171747331467
test-output/timing-methods/20260908-171431/00-mcpwm-ftm,mcpwm:ftm,8dc05893b49ecfab,60.0,known pre-repair epoch failure,3,60,474798.1259500002,1246.0302926272473,474799.76094888925,474961.5630000008,474962.0630000013,15.950423820070277
test-output/timing-methods/20260908-171431/00-task-ftm,task:ftm,8dc05893b49ecfab,60.0,known pre-repair epoch failure,0,57,275019.99338596535,234597.0166745939,361485.4865615439,475044.625999999,477719.8130000002,11797.876707435706
test-output/timing-methods/20260908-171431/00-task-ftm,task:ftm,8dc05893b49ecfab,60.0,known pre-repair epoch failure,1,53,259857.41867924554,236501.067320531,351366.806750995,474965.8740000058,475771.7499999998,11895.04146358561
test-output/timing-methods/20260908-171431/00-task-ftm,task:ftm,8dc05893b49ecfab,60.0,known pre-repair epoch failure,3,57,291632.59540350916,231313.60120736714,372230.5103095497,474963.0630000041,477403.4999999977,11501.50919034
test-output/timing-methods/20260908-172251/00-gptpair-ftm,gptpair:ftm,33a74b5c18b078e9,60.0,inconclusive disconnected probe / reconnection,0,60,-1.4646166662616682,4.204398288396494,4.452197990494448,12.125000004914455,13.81299999891894,-0.021392094201254673
test-output/timing-methods/20260908-172251/00-gptpair-ftm,gptpair:ftm,33a74b5c18b078e9,60.0,inconclusive disconnected probe / reconnection,1,60,-1.155116666417174,4.733331279818442,4.872239681865252,12.499999996862243,15.749999999314923,-0.026593699875725522
test-output/timing-methods/20260908-172251/00-gptpair-ftm,gptpair:ftm,33a74b5c18b078e9,60.0,inconclusive disconnected probe / reconnection,3,0,,,,,,
test-output/timing-methods/20260908-172251/00-mcpwm-ftm,mcpwm:ftm,33a74b5c18b078e9,60.0,inconclusive disconnected probe / reconnection,0,60,-0.003100000179704724,0.6974047776738199,0.6974116674700707,1.3129999993921615,1.5630000049782211,0.007318598377252613
test-output/timing-methods/20260908-172251/00-mcpwm-ftm,mcpwm:ftm,33a74b5c18b078e9,60.0,inconclusive disconnected probe / reconnection,1,60,-0.12491666617024204,0.7149193030978551,0.7257504966784456,1.1250000042650754,1.6249999958972694,0.008761017255819566
test-output/timing-methods/20260908-172251/00-mcpwm-ftm,mcpwm:ftm,33a74b5c18b078e9,60.0,inconclusive disconnected probe / reconnection,3,0,,,,,,
test-output/timing-methods/20260908-172251/01-gptpair-ftm,gptpair:ftm,33a74b5c18b078e9,60.0,inconclusive disconnected probe / reconnection,0,59,0.12389830524533924,3.878226318694742,3.8802049132821885,11.874999998440217,13.125000002389697,-0.019370214189893216
test-output/timing-methods/20260908-172251/01-gptpair-ftm,gptpair:ftm,33a74b5c18b078e9,60.0,inconclusive disconnected probe / reconnection,1,60,-0.9906499998960557,3.5627629767082003,3.697927453384764,10.56299999646626,15.937000000576518,-0.018432321036844043
test-output/timing-methods/20260908-172251/01-gptpair-ftm,gptpair:ftm,33a74b5c18b078e9,60.0,inconclusive disconnected probe / reconnection,3,0,,,,,,
test-output/timing-methods/20260908-172251/01-mcpwm-ftm,mcpwm:ftm,33a74b5c18b078e9,60.0,inconclusive disconnected probe / reconnection,0,59,0.02859322084188011,0.7116642256035843,0.712238402700993,1.2510000004795074,1.3760000001639128,0.0018394234442392463
test-output/timing-methods/20260908-172251/01-mcpwm-ftm,mcpwm:ftm,33a74b5c18b078e9,60.0,inconclusive disconnected probe / reconnection,1,60,-0.25096666622833236,0.6241851213470988,0.6727490864125016,1.1249999998241833,1.5630000049782211,0.002595469787306175
test-output/timing-methods/20260908-172251/01-mcpwm-ftm,mcpwm:ftm,33a74b5c18b078e9,60.0,inconclusive disconnected probe / reconnection,3,0,,,,,,
test-output/timing-methods/20260908-172251/02-gptpair-ftm,gptpair:ftm,33a74b5c18b078e9,60.0,inconclusive disconnected probe / reconnection,0,60,0.1290999993019959,2.791605365981163,2.7945889374279353,2.87499999984675,13.499999994337486,0.007564159045953147
test-output/timing-methods/20260908-172251/02-gptpair-ftm,gptpair:ftm,33a74b5c18b078e9,60.0,inconclusive disconnected probe / reconnection,1,60,-0.4677666669209805,2.2417681284092565,2.29005021696772,2.9379999944012525,11.436999999947517,0.013734848679294122
test-output/timing-methods/20260908-172251/02-gptpair-ftm,gptpair:ftm,33a74b5c18b078e9,60.0,inconclusive disconnected probe / reconnection,3,0,,,,,,
test-output/timing-methods/20260908-172251/02-mcpwm-ftm,mcpwm:ftm,33a74b5c18b078e9,60.0,inconclusive disconnected probe / reconnection,0,60,-0.031266666911111685,0.608280304183746,0.6090833546548461,1.187000002289551,1.250000000396767,-0.00490335229347335
test-output/timing-methods/20260908-172251/02-mcpwm-ftm,mcpwm:ftm,33a74b5c18b078e9,60.0,inconclusive disconnected probe / reconnection,1,60,-0.4071666668048479,0.6088363807471128,0.7324386889550644,1.188000005925005,1.4369999945529344,0.0017167533455244243
test-output/timing-methods/20260908-172251/02-mcpwm-ftm,mcpwm:ftm,33a74b5c18b078e9,60.0,inconclusive disconnected probe / reconnection,3,24,-0.46608333400162866,0.4748406673170454,0.6653625579878768,1.0629999991351724,1.1250000042650754,0.006372007811577966
test-output/timing-methods/20260908-173016/00-mcpwm-ftm,mcpwm:ftm,33a74b5c18b078e9,60.0,clean descriptive,0,60,-0.07906666646036638,0.7035273951182874,0.7079564488208846,1.4369999998820049,1.5619999942373397,0.001577987969703313
test-output/timing-methods/20260908-173016/00-mcpwm-ftm,mcpwm:ftm,33a74b5c18b078e9,60.0,clean descriptive,1,60,-0.31039999977740723,0.610758632015125,0.6851089449443799,1.1869999951841237,1.562000001342767,0.003916156548641295
test-output/timing-methods/20260908-173016/00-mcpwm-ftm,mcpwm:ftm,33a74b5c18b078e9,60.0,clean descriptive,3,60,-0.4624999997186278,0.5221223517369903,0.6975084228330839,1.1250000007123617,1.1879999988195777,0.0007200557484422596
test-output/timing-methods/20260908-173016/01-mcpwm-ftm,mcpwm:ftm,33a74b5c18b078e9,60.0,clean descriptive,0,60,-0.13229999966853553,0.6082861528299103,0.6225072960511446,1.2500000039494807,1.5000000033182914,-0.0008903872038812465
test-output/timing-methods/20260908-173016/01-mcpwm-ftm,mcpwm:ftm,33a74b5c18b078e9,60.0,clean descriptive,1,60,-0.2344999997609213,0.6352395217481648,0.6771406795332187,1.1879999988195777,1.6249999958972694,-0.0009919742927638137
test-output/timing-methods/20260908-173016/01-mcpwm-ftm,mcpwm:ftm,33a74b5c18b078e9,60.0,clean descriptive,3,60,-0.5229999997728255,0.48097061600514585,0.7105362293526947,1.1240000006296214,1.4999999997655777,-0.003306024221764343
test-output/timing-methods/20260908-174159/00-mcpwm-ftm,mcpwm:ftm,e0ac899e423e2d93,60.0,clean descriptive,0,60,0.06258333351364757,0.5777544543555467,0.5811341352573913,0.9379999994507671,1.937000000395983,-0.0001888646640942101
test-output/timing-methods/20260908-174159/00-mcpwm-ftm,mcpwm:ftm,e0ac899e423e2d93,60.0,clean descriptive,1,60,-0.3916666665012188,0.5817381619909856,0.7013002686188187,1.3120000019739564,1.8120000007115777,-0.001606831225926159
test-output/timing-methods/20260908-174159/00-mcpwm-ftm,mcpwm:ftm,e0ac899e423e2d93,60.0,clean descriptive,3,60,-0.2155666667539672,0.563398774068016,0.6032306080072191,1.31300000028034,1.4379999999647453,0.0040114635027084415
new-acquisition/20260909-063251-campaign/00-00-mcpwm-ftm,mcpwm:ftm,fdb0d3b4ab514a2d,5.0,insufficient/full-fleet inconclusive,0,5,0.4999999999366622,0.21974530702551076,0.5461574863502269,0.8750000000112834,0.8750000000112834,0.02500075815037344
new-acquisition/20260909-063251-campaign/00-00-mcpwm-ftm,mcpwm:ftm,fdb0d3b4ab514a2d,5.0,insufficient/full-fleet inconclusive,1,5,0.4376000001027336,0.23722360759652555,0.49776379949833915,0.6250000001983835,0.6250000001983835,-0.012600381432290267
new-acquisition/20260909-063251-campaign/00-00-mcpwm-ftm,mcpwm:ftm,fdb0d3b4ab514a2d,5.0,insufficient/full-fleet inconclusive,3,5,0.30019999994745916,0.33136891826988457,0.44713018234492724,0.6879999999709341,0.6879999999709341,-0.1626049089069682
new-acquisition/20260909-063455-campaign/00-00-mcpwm-mac,mcpwm:mac,fdb0d3b4ab514a2d,60.0,provisional glitches,0,60,-449503.42189999967,6.903047645073583,449503.4219530049,449513.6249999998,449514.75,0.3982529108436854
new-acquisition/20260909-063455-campaign/00-00-mcpwm-mac,mcpwm:mac,fdb0d3b4ab514a2d,60.0,provisional glitches,1,60,269427.08849999966,97.7437933544477,269427.1062299333,269576.93800000014,269593.93700000003,-5.644141615254997
new-acquisition/20260909-063455-campaign/00-00-mcpwm-mac,mcpwm:mac,fdb0d3b4ab514a2d,60.0,provisional glitches,3,50,-427894.1575599997,93.81243891492483,427894.16784382047,428028.1870000024,428039.4380000061,-5.679113899570989
new-acquisition/20260909-063455-campaign/00-01-mcpwm-tsf,mcpwm:tsf,fdb0d3b4ab514a2d,60.0,provisional glitches,0,54,-5.079777777573954,18.230246881349895,18.92474685760689,15.875000000775685,94.37599999984059,-0.34398517241068644
new-acquisition/20260909-063455-campaign/00-01-mcpwm-tsf,mcpwm:tsf,fdb0d3b4ab514a2d,60.0,provisional glitches,1,56,-8.388357142811975,16.461475805779944,18.475516806293758,19.43700000062165,97.31300000037635,-0.2520532252307018
new-acquisition/20260909-063455-campaign/00-01-mcpwm-tsf,mcpwm:tsf,fdb0d3b4ab514a2d,60.0,provisional glitches,3,59,-8.433186440444757,14.976336618909654,17.18747485997276,17.49899999836657,85.93800000067375,-0.17585054031288938
new-acquisition/20260909-063455-campaign/00-02-mcpwm-ftm,mcpwm:ftm,fdb0d3b4ab514a2d,60.0,provisional glitches,0,47,0.5212127664903773,0.42146966533229385,0.6702980133849932,1.0630000062405998,1.312999998503983,-0.0007667223887514121
new-acquisition/20260909-063455-campaign/00-02-mcpwm-ftm,mcpwm:ftm,fdb0d3b4ab514a2d,60.0,provisional glitches,1,52,0.08169230773577776,0.491453047155549,0.4981964780101032,0.8129999997663617,1.3120000019739564,-0.003419798633488296
new-acquisition/20260909-063455-campaign/00-02-mcpwm-ftm,mcpwm:ftm,fdb0d3b4ab514a2d,60.0,provisional glitches,3,42,0.2841666667054353,0.5822513333587042,0.6478945204772663,1.3750000000811724,1.687999997557199,-0.0051258259199229925
new-acquisition/20260909-063455-campaign/00-03-mcpwm-frozen,mcpwm:frozen,fdb0d3b4ab514a2d,60.0,INVALID: firmware changed during campaign,0,46,-155.3858913041012,1052.1432005784065,1063.5554004092796,2.3749999940037014,7213.376000001048,10.073379089804078
new-acquisition/20260909-063455-campaign/00-03-mcpwm-frozen,mcpwm:frozen,fdb0d3b4ab514a2d,60.0,INVALID: firmware changed during campaign,1,6,0.1980000002843596,0.36356063204037686,0.41398107841084325,0.8129999999884063,0.8129999999884063,-0.07640687498293279
new-acquisition/20260909-063455-campaign/00-03-mcpwm-frozen,mcpwm:frozen,fdb0d3b4ab514a2d,60.0,INVALID: firmware changed during campaign,3,43,-167.88079069732035,1087.2498782922642,1100.1346543635925,2.126000005375772,7214.063000001048,12.731192497560471
new-acquisition/20260909-064935-campaign/00-00-mcpwm-ntp,mcpwm:ntp,507f8d74b8d34447,5.0,insufficient/full-fleet inconclusive,0,5,763.4500000000877,850.6221043156305,1142.9846310648647,1952.1250000000823,1952.1250000000823,-95.55280468153853
new-acquisition/20260909-064935-campaign/00-00-mcpwm-ntp,mcpwm:ntp,507f8d74b8d34447,5.0,insufficient/full-fleet inconclusive,1,5,-1156.4877999999944,3479.9014185077735,3667.039393581864,4813.936999999991,4813.936999999991,-446.807235119327
new-acquisition/20260909-064935-campaign/00-00-mcpwm-ntp,mcpwm:ntp,507f8d74b8d34447,5.0,insufficient/full-fleet inconclusive,3,5,1023.1127999999811,2350.4275155932896,2563.448713663264,5698.0630000000865,5698.0630000000865,-459.83296427998704
new-acquisition/20260909-064935-campaign/00-01-mcpwm-ftm,mcpwm:ftm,507f8d74b8d34447,5.0,insufficient/full-fleet inconclusive,0,5,-0.32459999989853383,0.8078815756415931,0.8706536625979767,1.1250000002682725,1.1250000002682725,0.118803478268564
new-acquisition/20260909-064935-campaign/00-01-mcpwm-ftm,mcpwm:ftm,507f8d74b8d34447,5.0,insufficient/full-fleet inconclusive,1,5,-0.07459999998848943,0.5666549568311513,0.5715443990623971,0.8750000000112834,0.8750000000112834,-0.031601142141304446
new-acquisition/20260909-064935-campaign/00-01-mcpwm-ftm,mcpwm:ftm,507f8d74b8d34447,5.0,insufficient/full-fleet inconclusive,3,5,-0.037000000002729294,0.7357564814996912,0.7366862290480307,1.1880000001518454,1.1880000001518454,0.08730259642283678
new-acquisition/20260909-065110-campaign/00-00-mcpwm-ftm,mcpwm:ftm,507f8d74b8d34447,60.0,clean descriptive,0,60,0.08118333303201257,0.6065331399507139,0.6119421405824729,0.9380000003389455,1.250000000396767,-0.0013960155816999233
new-acquisition/20260909-065110-campaign/00-00-mcpwm-ftm,mcpwm:ftm,507f8d74b8d34447,60.0,clean descriptive,1,60,0.3019833329861073,0.6351551122731002,0.7032893785974963,1.1879999988195777,1.6259999995327235,0.0031880676274141976
new-acquisition/20260909-065110-campaign/00-00-mcpwm-ftm,mcpwm:ftm,507f8d74b8d34447,60.0,clean descriptive,3,60,0.21556666615629716,0.7486477444691195,0.7790651018088544,1.5629999978727938,1.687999997557199,0.007034172746005503
new-acquisition/20260909-065110-campaign/00-01-mcpwm-ntp,mcpwm:ntp,507f8d74b8d34447,60.0,clean signal; cadence/completeness criterion failed,0,59,47.13569491569409,2322.8450716541934,2323.3232664963693,4858.437000000215,7504.686999999954,-8.767816855723032
new-acquisition/20260909-065110-campaign/00-01-mcpwm-ntp,mcpwm:ntp,507f8d74b8d34447,60.0,clean signal; cadence/completeness criterion failed,1,60,-2946.786399999428,7602.696973018303,8153.805942672615,15239.06299999922,39774.1879999991,-54.95282399928289
new-acquisition/20260909-065110-campaign/00-01-mcpwm-ntp,mcpwm:ntp,507f8d74b8d34447,60.0,clean signal; cadence/completeness criterion failed,3,60,-361.5832499993624,2844.3751434471774,2867.2656666831995,5996.312000000615,12695.374999999842,-20.788137308685158
new-acquisition/20260909-065110-campaign/00-02-mcpwm-mac,mcpwm:mac,507f8d74b8d34447,60.0,clean signal; cadence/completeness criterion failed,0,60,-7087.211516666706,6.776053968553001,7087.214755944719,7097.688000001767,7098.31200000366,-0.39007730976029664
new-acquisition/20260909-065110-campaign/00-02-mcpwm-mac,mcpwm:mac,507f8d74b8d34447,60.0,clean signal; cadence/completeness criterion failed,1,60,-185055.5385833335,104.77871473782065,185055.56824626133,185215.687000003,185233.8119999999,-6.050304600288418
new-acquisition/20260909-065110-campaign/00-02-mcpwm-mac,mcpwm:mac,507f8d74b8d34447,60.0,clean signal; cadence/completeness criterion failed,3,59,-32986.59215254203,98.56014987397884,32986.73939541904,33135.87600000289,33158.24899999598,-5.768187013471666
new-acquisition/20260909-065110-campaign/00-03-mcpwm-tsf,mcpwm:tsf,507f8d74b8d34447,60.0,clean signal; cadence/completeness criterion failed,0,60,-8.589400000053038,28.740394691408255,29.99646778170455,60.18699999543742,176.18799999752355,-0.23906085474057254
new-acquisition/20260909-065110-campaign/00-03-mcpwm-tsf,mcpwm:tsf,507f8d74b8d34447,60.0,clean signal; cadence/completeness criterion failed,1,59,-7.385491525098454,18.620201928339586,20.03141045756495,20.06200000437275,85.75000000377031,0.05055044689348584
new-acquisition/20260909-065110-campaign/00-03-mcpwm-tsf,mcpwm:tsf,507f8d74b8d34447,60.0,clean signal; cadence/completeness criterion failed,3,60,-9.005133333330381,19.324423245758755,21.319609755628253,23.499000000981596,74.5000000001994,0.19177913434616167
new-acquisition/20260909-065110-campaign/00-04-mcpwm-frozen,mcpwm:frozen,507f8d74b8d34447,60.0,clean signal; cadence/completeness criterion failed,0,59,-0.1186949150059403,0.5386656534963158,0.5515878616366393,1.0629999991351724,1.250000000396767,0.00211500584981648
new-acquisition/20260909-065110-campaign/00-04-mcpwm-frozen,mcpwm:frozen,507f8d74b8d34447,60.0,clean signal; cadence/completeness criterion failed,1,60,-0.05624999985243129,0.6551619550114335,0.6575722392085923,1.312999998503983,1.6239999993672427,-0.0013423325536139129
new-acquisition/20260909-065110-campaign/00-04-mcpwm-frozen,mcpwm:frozen,507f8d74b8d34447,60.0,clean signal; cadence/completeness criterion failed,3,59,0.005305084546799586,0.6700446796371932,0.6700656808344667,1.1869999951841237,1.5620000000104994,-0.005463587311275419
new-acquisition/20260909-065110-campaign/01-00-mcpwm-ntp,mcpwm:ntp,507f8d74b8d34447,60.0,clean signal; cadence/completeness criterion failed,0,60,92.24796666648841,5319.592387742874,5320.392171549578,9663.624999994625,28816.436999996142,8.48571019276519
new-acquisition/20260909-065110-campaign/01-00-mcpwm-ntp,mcpwm:ntp,507f8d74b8d34447,60.0,clean signal; cadence/completeness criterion failed,1,60,-41.57493333379054,8163.658209169511,8163.764072486567,9419.938000000628,55503.061999999656,96.09898766467833
new-acquisition/20260909-065110-campaign/01-00-mcpwm-ntp,mcpwm:ntp,507f8d74b8d34447,60.0,clean signal; cadence/completeness criterion failed,3,60,-173.48423333390184,3213.144913901573,3217.824889105527,4963.81300000337,19614.87500000203,-37.572168608167296
new-acquisition/20260909-065110-campaign/01-01-mcpwm-mac,mcpwm:mac,507f8d74b8d34447,60.0,clean signal; cadence/completeness criterion failed,0,60,-7191.002049999992,6.588999765955549,7191.005068696726,7200.8120000006675,7202.31199999688,-0.37932312736333795
new-acquisition/20260909-065110-campaign/01-01-mcpwm-mac,mcpwm:mac,507f8d74b8d34447,60.0,clean signal; cadence/completeness criterion failed,1,59,-186718.40784745783,105.09436425737032,186718.4374236112,186878.18799999435,186896.24999999665,-6.019834743868156
new-acquisition/20260909-065110-campaign/01-01-mcpwm-mac,mcpwm:mac,507f8d74b8d34447,60.0,clean signal; cadence/completeness criterion failed,3,60,-34588.10933333348,100.53416644106248,34588.25543986358,34741.93699999972,34759.56199999786,-5.805163545167494
new-acquisition/20260909-065110-campaign/01-02-mcpwm-tsf,mcpwm:tsf,507f8d74b8d34447,60.0,clean signal; cadence/completeness criterion failed,0,60,-10.184433333449798,13.968025752710327,17.286654556387198,31.43700000052263,77.31200000193894,-0.0617474682337598
new-acquisition/20260909-065110-campaign/01-02-mcpwm-tsf,mcpwm:tsf,507f8d74b8d34447,60.0,clean signal; cadence/completeness criterion failed,1,60,-10.680316666600298,27.293905306519513,29.309152682739125,21.93799999972157,182.18800000013857,-0.17877241985439674
new-acquisition/20260909-065110-campaign/01-02-mcpwm-tsf,mcpwm:tsf,507f8d74b8d34447,60.0,clean signal; cadence/completeness criterion failed,3,59,-15.387745762912292,13.835181942382741,20.692872662896725,39.31200000195645,83.06200000163244,-0.05819105244101928
new-acquisition/20260909-065110-campaign/01-03-mcpwm-frozen,mcpwm:frozen,507f8d74b8d34447,60.0,clean signal; cadence/completeness criterion failed,0,60,0.1853500005782882,0.732850344455083,0.7559260877111632,1.4379999981883884,1.937000000395983,0.018859748417096044
new-acquisition/20260909-065110-campaign/01-03-mcpwm-frozen,mcpwm:frozen,507f8d74b8d34447,60.0,clean signal; cadence/completeness criterion failed,1,59,-0.12079661023292657,0.7997453996251328,0.8088167439323503,1.5009999998483181,1.5629999978727938,0.018813877057459995
new-acquisition/20260909-065110-campaign/01-03-mcpwm-frozen,mcpwm:frozen,507f8d74b8d34447,60.0,clean signal; cadence/completeness criterion failed,3,60,-0.01665000043162464,0.73786369140028,0.7380515223215929,1.311999994868529,1.6249999958972694,0.00016991301741807872
new-acquisition/20260909-070546-campaign/00-00-mcpwm-ftm,mcpwm:ftm,507f8d74b8d34447,5.0,insufficient/full-fleet inconclusive,0,5,-0.16239999989231535,0.5487099779343799,0.5722380622169165,0.8129999999884063,0.8129999999884063,-0.23130724279183515
new-acquisition/20260909-070546-campaign/00-00-mcpwm-ftm,mcpwm:ftm,507f8d74b8d34447,5.0,insufficient/full-fleet inconclusive,1,5,-0.05019999996802582,0.7412779236135371,0.7429757735172706,1.250000000008189,1.250000000008189,-0.45631422218308254
new-acquisition/20260909-070546-campaign/00-00-mcpwm-ftm,mcpwm:ftm,507f8d74b8d34447,5.0,insufficient/full-fleet inconclusive,3,5,0.17480000008562868,0.5054033636076373,0.5347780847939165,0.9999999999732445,0.9999999999732445,-0.31250973499057655
