Time [s],Channel 0
0.000000000,0
0.002527000,1
0.002527250,0
0.011063000,1
0.011063250,0
0.021920250,1
0.021920500,0
0.050941750,1
0.050942000,0
0.111933750,1
0.111934000,0
0.171461000,1
0.171461250,0
0.172272500,1
0.172272750,0
0.191830750,1
0.191831000,0
0.192126500,1
0.192126750,0
0.200634250,1
0.200634500,0
0.201635500,1
0.201635750,0
0.210734750,1
0.210735000,0
0.212070750,1
0.212071000,0
0.232020750,1
0.232021000,0
0.252267000,1
0.252267250,0
0.331465250,1
0.331465500,0
0.351237250,1
0.351237500,0
0.351643750,1
0.351644000,0
0.352048250,1
0.352048500,0
0.371237000,1
0.371237250,0
0.371993750,1
0.371994000,0
0.381512250,1
0.381512500,0
0.421700000,1
0.421700250,0
0.431154500,1
0.431154750,0
0.451249500,1
0.451249750,0
0.451997500,1
0.451997750,0
0.481795500,1
0.481795750,0
0.511635750,1
0.511636000,0
0.511868500,1
0.511868750,0
0.521673750,1
0.521674000,0
0.521824000,1
0.521824250,0
0.552252750,1
0.552253000,0
0.562016750,1
0.562017000,0
0.571041250,1
0.571041500,0
0.571448250,1
0.571448500,0
0.590760000,1
0.590760250,0
0.611617500,1
0.611617750,0
0.631052000,1
0.631052250,0
0.730987000,1
0.730987250,0
0.751137750,1
0.751138000,0
0.800231000,1
0.800231250,0
0.801339500,1
0.801339750,0
0.801514750,1
0.801515000,0
0.811485500,1
0.811485750,0
0.812009750,1
0.812010000,0
0.821681250,1
0.821681500,0
0.830777750,1
0.830778000,0
0.851961000,1
0.851961250,0
0.881172750,1
0.881173000,0
0.941301750,1
0.941302000,0
0.991550750,1
0.991551000,0
1.010915750,1
1.010916000,0
1.011439000,1
1.011439250,0
1.031748500,1
1.031748750,0
1.040904000,1
1.040904250,0
1.041782750,1
1.041783000,0
1.064960000,0
