Time [s],Channel 0,Channel 1,Channel 2,Channel 3
0.000000000,0,0,0,0
0.493217562,0,1,0,0
0.543215688,0,0,0,0
0.645276500,0,0,0,1
0.671019750,1,0,0,1
0.678095875,1,0,1,1
0.695274625,1,0,1,0
0.721018188,0,0,1,0
0.728094250,0,0,0,0
1.493181125,0,1,0,0
1.543179250,0,0,0,0
1.645239125,0,0,0,1
1.670987625,1,0,0,1
1.678063438,1,0,1,1
1.695237312,1,0,1,0
1.720986062,0,0,1,0
1.728061875,0,0,0,0
2.493143687,0,1,0,0
2.543141813,0,0,0,0
2.645201812,0,0,0,1
2.670956187,1,0,0,1
2.678033000,1,0,1,1
2.695199937,1,0,1,0
2.720954625,0,0,1,0
2.728031437,0,0,0,0
3.493106250,0,1,0,0
3.543104375,0,0,0,0
3.645164938,0,0,0,1
3.670924375,1,0,0,1
3.678000625,1,0,1,1
3.695163125,1,0,1,0
3.720922813,0,0,1,0
3.727999062,0,0,0,0
4.493067750,0,1,0,0
4.543065875,0,0,0,0
4.645126500,0,0,0,1
4.670892625,1,0,0,1
4.677969187,1,0,1,1
4.695124625,1,0,1,0
4.720891000,0,0,1,0
4.727967625,0,0,0,0
5.493031313,0,1,0,0
5.543029438,0,0,0,0
5.645090500,0,0,0,1
5.670860812,1,0,0,1
5.677938750,1,0,1,1
5.695088625,1,0,1,0
5.720859250,0,0,1,0
5.727937188,0,0,0,0
6.492993875,0,1,0,0
6.542992000,0,0,0,0
6.645052188,0,0,0,1
6.670829000,1,0,0,1
6.677907375,1,0,1,1
6.695050313,1,0,1,0
6.720827437,0,0,1,0
6.727905813,0,0,0,0
7.492956438,0,1,0,0
7.542954563,0,0,0,0
7.645016313,0,0,0,1
7.670797250,1,0,0,1
7.677875937,1,0,1,1
7.695014438,1,0,1,0
7.720795625,0,0,1,0
7.727874375,0,0,0,0
8.492918938,0,1,0,0
8.542917063,0,0,0,0
8.644978062,0,0,0,1
8.670765438,1,0,0,1
8.677843562,1,0,1,1
8.694976250,1,0,1,0
8.720763812,0,0,1,0
8.727842000,0,0,0,0
9.492881500,0,1,0,0
9.542879625,0,0,0,0
9.644941813,0,0,0,1
9.670734313,1,0,0,1
9.677812125,1,0,1,1
9.694940000,1,0,1,0
9.720732750,0,0,1,0
9.727810563,0,0,0,0
10.492844062,0,1,0,0
10.542842187,0,0,0,0
10.644903938,0,0,0,1
10.670701813,1,0,0,1
10.677781750,1,0,1,1
10.694902063,1,0,1,0
10.720700250,0,0,1,0
10.727780125,0,0,0,0
11.492806625,0,1,0,0
11.542804750,0,0,0,0
11.644867687,0,0,0,1
11.670670062,1,0,0,1
11.677750313,1,0,1,1
11.694865812,1,0,1,0
11.720668438,0,0,1,0
11.727748750,0,0,0,0
12.492769125,0,1,0,0
12.542767250,0,0,0,0
12.644830500,0,0,0,1
12.670638250,1,0,0,1
12.677718875,1,0,1,1
12.694828625,1,0,1,0
12.720636625,0,0,1,0
12.727717312,0,0,0,0
13.492731687,0,1,0,0
13.542729812,0,0,0,0
13.644793812,0,0,0,1
13.670606438,1,0,0,1
13.677687500,1,0,1,1
13.694792000,1,0,1,0
13.720604875,0,0,1,0
13.727685938,0,0,0,0
14.492694250,0,1,0,0
14.542692375,0,0,0,0
14.644756500,0,0,0,1
14.670574625,1,0,0,1
14.677656063,1,0,1,1
14.694754625,1,0,1,0
14.720573062,0,0,1,0
14.727654500,0,0,0,0
15.492656812,0,1,0,0
15.542654938,0,0,0,0
15.644719500,0,0,0,1
15.670542813,1,0,0,1
15.677624625,1,0,1,1
15.694717625,1,0,1,0
15.720541250,0,0,1,0
15.727623062,0,0,0,0
16.492619313,0,1,0,0
16.542617437,0,0,0,0
16.644682312,0,0,0,1
16.670511063,1,0,0,1
16.677593250,1,0,1,1
16.694680438,1,0,1,0
16.720509437,0,0,1,0
16.727591687,0,0,0,0
17.492581875,0,1,0,0
17.542580000,0,0,0,0
17.644645125,0,0,0,1
17.670479250,1,0,0,1
17.677560813,1,0,1,1
17.694643250,1,0,1,0
17.720477625,0,0,1,0
17.727559250,0,0,0,0
18.492543438,0,1,0,0
18.542541562,0,0,0,0
18.644607250,0,0,0,1
18.670447437,1,0,0,1
18.677530375,1,0,1,1
18.694605375,1,0,1,0
18.720445812,0,0,1,0
18.727528813,0,0,0,0
19.492506937,0,1,0,0
19.542505062,0,0,0,0
19.644569063,0,0,0,1
19.670415625,1,0,0,1
19.677499000,1,0,1,1
19.694567187,1,0,1,0
19.720414000,0,0,1,0
19.727497437,0,0,0,0
20.492468500,0,1,0,0
20.542466625,0,0,0,0
20.644532875,0,0,0,1
20.670383812,1,0,0,1
20.677467562,1,0,1,1
20.694531000,1,0,1,0
20.720382188,0,0,1,0
20.727466000,0,0,0,0
21.492432000,0,1,0,0
21.542430125,0,0,0,0
21.644495875,0,0,0,1
21.670351000,1,0,0,1
21.677436125,1,0,1,1
21.694494000,1,0,1,0
21.720349375,0,0,1,0
21.727434563,0,0,0,0
22.492393562,0,1,0,0
22.542391688,0,0,0,0
22.644457500,0,0,0,1
22.670319187,1,0,0,1
22.677403688,1,0,1,1
22.694455625,1,0,1,0
22.720317563,0,0,1,0
22.727402125,0,0,0,0
23.492356063,0,1,0,0
23.542354187,0,0,0,0
23.644421063,0,0,0,1
23.670288375,1,0,0,1
23.677372313,1,0,1,1
23.694419187,1,0,1,0
23.720286750,0,0,1,0
23.727370750,0,0,0,0
24.492318625,0,1,0,0
24.542316750,0,0,0,0
24.644384250,0,0,0,1
24.670256500,1,0,0,1
24.677340875,1,0,1,1
24.694382437,1,0,1,0
24.720254937,0,0,1,0
24.727339312,0,0,0,0
25.492282125,0,1,0,0
25.542280250,0,0,0,0
25.644346937,0,0,0,1
25.670224687,1,0,0,1
25.677310438,1,0,1,1
25.694345062,1,0,1,0
25.720223125,0,0,1,0
25.727308875,0,0,0,0
26.492244688,0,1,0,0
26.542242812,0,0,0,0
26.644309375,0,0,0,1
26.670192875,1,0,0,1
26.677278000,1,0,1,1
26.694307500,1,0,1,0
26.720191312,0,0,1,0
26.727276437,0,0,0,0
27.492207188,0,1,0,0
27.542205312,0,0,0,0
27.644272375,0,0,0,1
27.670161063,1,0,0,1
27.677247562,1,0,1,1
27.694270500,1,0,1,0
27.720159438,0,0,1,0
27.727246000,0,0,0,0
28.492169750,0,1,0,0
28.542167875,0,0,0,0
28.644235750,0,0,0,1
28.670129250,1,0,0,1
28.677216125,1,0,1,1
28.694233875,1,0,1,0
28.720127625,0,0,1,0
28.727214562,0,0,0,0
29.492132250,0,1,0,0
29.542130375,0,0,0,0
29.644198125,0,0,0,1
29.670097375,1,0,0,1
29.677184687,1,0,1,1
29.694196313,1,0,1,0
29.720095812,0,0,1,0
29.727183125,0,0,0,0
30.492094750,0,1,0,0
30.542092875,0,0,0,0
30.644161312,0,0,0,1
30.670065562,1,0,0,1
30.677152250,1,0,1,1
30.694159438,1,0,1,0
30.720064000,0,0,1,0
30.727150688,0,0,0,0
31.492057312,0,1,0,0
31.542055438,0,0,0,0
31.644123625,0,0,0,1
31.670033750,1,0,0,1
31.677121813,1,0,1,1
31.694121750,1,0,1,0
31.720032125,0,0,1,0
31.727120250,0,0,0,0
32.492018812,0,1,0,0
32.542016938,0,0,0,0
32.644086937,0,0,0,1
32.670001875,1,0,0,1
32.677090375,1,0,1,1
32.694085063,1,0,1,0
32.720000312,0,0,1,0
32.727088812,0,0,0,0
33.491982312,0,1,0,0
33.541980438,0,0,0,0
33.644049250,0,0,0,1
33.669970062,1,0,0,1
33.677057938,1,0,1,1
33.694047437,1,0,1,0
33.719968500,0,0,1,0
33.727056375,0,0,0,0
34.491943812,0,1,0,0
34.541941937,0,0,0,0
34.644011500,0,0,0,1
34.669938250,1,0,0,1
34.677026500,1,0,1,1
34.694009625,1,0,1,0
34.719936625,0,0,1,0
34.727024937,0,0,0,0
35.491906375,0,1,0,0
35.541904500,0,0,0,0
35.643974812,0,0,0,1
35.669906375,1,0,0,1
35.676996063,1,0,1,1
35.693972937,1,0,1,0
35.719904812,0,0,1,0
35.726994500,0,0,0,0
36.491869875,0,1,0,0
36.541868000,0,0,0,0
36.643937750,0,0,0,1
36.669874562,1,0,0,1
36.676965313,1,0,1,1
36.693935875,1,0,1,0
36.719872937,0,0,1,0
36.726963750,0,0,0,0
37.491831375,0,1,0,0
37.541829500,0,0,0,0
37.643900563,0,0,0,1
37.669842688,1,0,0,1
37.676933187,1,0,1,1
37.693898688,1,0,1,0
37.719841125,0,0,1,0
37.726931625,0,0,0,0
38.491794875,0,1,0,0
38.541793000,0,0,0,0
38.643863313,0,0,0,1
38.669810875,1,0,0,1
38.676900750,1,0,1,1
38.693861437,1,0,1,0
38.719809250,0,0,1,0
38.726899188,0,0,0,0
39.491756375,0,1,0,0
39.541754500,0,0,0,0
39.643824813,0,0,0,1
39.669778812,1,0,0,1
39.676870313,1,0,1,1
39.693822938,1,0,1,0
39.719777188,0,0,1,0
39.726868750,0,0,0,0
40.491718875,0,1,0,0
40.541717000,0,0,0,0
40.643788687,0,0,0,1
40.669747188,1,0,0,1
40.676838875,1,0,1,1
40.693786813,1,0,1,0
40.719745563,0,0,1,0
40.726837313,0,0,0,0
41.491680750,0,1,0,0
41.541678875,0,0,0,0
41.643751313,0,0,0,1
41.669715313,1,0,0,1
41.676807375,1,0,1,1
41.693749438,1,0,1,0
41.719713750,0,0,1,0
41.726805812,0,0,0,0
42.491644875,0,1,0,0
42.541643000,0,0,0,0
42.643714188,0,0,0,1
42.669683500,1,0,0,1
42.676775937,1,0,1,1
42.693712312,1,0,1,0
42.719681875,0,0,1,0
42.726774375,0,0,0,0
43.491607438,0,1,0,0
43.541605563,0,0,0,0
43.643677313,0,0,0,1
43.669651625,1,0,0,1
43.676744500,1,0,1,1
43.693675437,1,0,1,0
43.719650063,0,0,1,0
43.726742937,0,0,0,0
44.491568937,0,1,0,0
44.541567063,0,0,0,0
44.643639750,0,0,0,1
44.669619813,1,0,0,1
44.676712063,1,0,1,1
44.693637875,1,0,1,0
44.719618187,0,0,1,0
44.726710500,0,0,0,0
45.491531438,0,1,0,0
45.541529563,0,0,0,0
45.643602375,0,0,0,1
45.669587937,1,0,0,1
45.676681563,1,0,1,1
45.693600500,1,0,1,0
45.719586375,0,0,1,0
45.726680000,0,0,0,0
46.491493875,0,1,0,0
46.541492000,0,0,0,0
46.643565500,0,0,0,1
46.669556062,1,0,0,1
46.676649125,1,0,1,1
46.693563625,1,0,1,0
46.719554500,0,0,1,0
46.726647562,0,0,0,0
47.491457375,0,1,0,0
47.541455500,0,0,0,0
47.643528250,0,0,0,1
47.669524250,1,0,0,1
47.676617687,1,0,1,1
47.693526375,1,0,1,0
47.719522625,0,0,1,0
47.726616125,0,0,0,0
48.491418875,0,1,0,0
48.541417000,0,0,0,0
48.643490000,0,0,0,1
48.669492375,1,0,0,1
48.676587187,1,0,1,1
48.693488125,1,0,1,0
48.719490812,0,0,1,0
48.726585625,0,0,0,0
49.491381375,0,1,0,0
49.541379500,0,0,0,0
49.643452813,0,0,0,1
49.669460562,1,0,0,1
49.676555750,1,0,1,1
49.693450938,1,0,1,0
49.719458938,0,0,1,0
49.726554187,0,0,0,0
50.491344875,0,1,0,0
50.541343000,0,0,0,0
50.643416438,0,0,0,1
50.669428688,1,0,0,1
50.676523313,1,0,1,1
50.693414563,1,0,1,0
50.719427063,0,0,1,0
50.726521687,0,0,0,0
51.491307375,0,1,0,0
51.541305500,0,0,0,0
51.643379313,0,0,0,1
51.669396812,1,0,0,1
51.676492813,1,0,1,1
51.693377437,1,0,1,0
51.719395250,0,0,1,0
51.726491250,0,0,0,0
52.491269875,0,1,0,0
52.541268000,0,0,0,0
52.643341875,0,0,0,1
52.669364937,1,0,0,1
52.676460375,1,0,1,1
52.693340000,1,0,1,0
52.719363375,0,0,1,0
52.726458812,0,0,0,0
53.491231375,0,1,0,0
53.541229500,0,0,0,0
53.643304750,0,0,0,1
53.669333125,1,0,0,1
53.676429875,1,0,1,1
53.693302875,1,0,1,0
53.719331500,0,0,1,0
53.726428312,0,0,0,0
54.491194875,0,1,0,0
54.541193000,0,0,0,0
54.643266625,0,0,0,1
54.669301250,1,0,0,1
54.676398437,1,0,1,1
54.693264750,1,0,1,0
54.719299687,0,0,1,0
54.726396875,0,0,0,0
55.491156313,0,1,0,0
55.541154437,0,0,0,0
55.643230062,0,0,0,1
55.669269375,1,0,0,1
55.676365938,1,0,1,1
55.693228187,1,0,1,0
55.719267813,0,0,1,0
55.726364375,0,0,0,0
56.491119813,0,1,0,0
56.541117937,0,0,0,0
56.643192562,0,0,0,1
56.669237563,1,0,0,1
56.676335500,1,0,1,1
56.693190687,1,0,1,0
56.719235938,0,0,1,0
56.726333875,0,0,0,0
57.491081313,0,1,0,0
57.541079438,0,0,0,0
57.669205688,1,0,0,0
57.676304000,1,0,1,0
57.719204062,0,0,1,0
57.726302438,0,0,0,0
58.491044812,0,1,0,0
58.541042938,0,0,0,0
58.643118188,0,0,0,1
58.669173812,1,0,0,1
58.676271500,1,0,1,1
58.693116375,1,0,1,0
58.719172250,0,0,1,0
58.726269937,0,0,0,0
59.491006250,0,1,0,0
59.541004375,0,0,0,0
59.643081813,0,0,0,1
59.669141938,1,0,0,1
59.676240062,1,0,1,1
59.693079938,1,0,1,0
59.719140375,0,0,1,0
59.726238500,0,0,0,0
60.004352000,0,0,0,0
